{
  "metrics": {
    "kernel.bin_2d_mpts_s.1000000": 207.85314925641055,
    "kernel.bin_2d_mpts_s.10000000": 559.858848387702,
    "kernel.bin_2d_ms.1000000": 4.811088999986168,
    "kernel.bin_2d_ms.10000000": 17.861644999982218,
    "kernel.encode_mpts_s.1000000": 1645.5812851268602,
    "kernel.encode_mpts_s.10000000": 2739.7117658691636,
    "kernel.histogram_mpts_s.1000000": 622.9190610222404,
    "kernel.histogram_mpts_s.10000000": 1037.6056295478948,
    "kernel.histogram_ms.1000000": 1.6053449999731129,
    "kernel.histogram_ms.10000000": 9.637573000020438,
    "kernel.local_density_mpts_s.1000000": 72.83360979784204,
    "kernel.local_density_mpts_s.10000000": 71.12362886954493,
    "kernel.local_density_ms.1000000": 2.7459849999900143,
    "kernel.local_density_ms.10000000": 2.8120050000097763,
    "kernel.local_density_n.1000000": 200000,
    "kernel.local_density_n.10000000": 200000,
    "kernel.m4_full_mpts_s.1000000": 712.9291120268905,
    "kernel.m4_full_mpts_s.10000000": 982.2231363478156,
    "kernel.normalize_mpts_s.1000000": 1602.3484018678098,
    "kernel.normalize_mpts_s.10000000": 1906.0856358502472,
    "kernel.range_mpts_s.1000000": 1750.31724497035,
    "kernel.range_mpts_s.10000000": 1472.4534873961386,
    "kernel.range_ms.1000000": 0.5713250000098924,
    "kernel.range_ms.10000000": 6.791386000031707,
    "kernel.zone_maps_mpts_s.1000000": 810.4726027666085,
    "kernel.zone_maps_mpts_s.10000000": 1310.918720680483,
    "kernel.zoom_redecimate_ms.1000000": 0.048149999997804116,
    "kernel.zoom_redecimate_ms.10000000": 0.38112499998987914,
    "scatter.tier.100000": "direct",
    "scatter.tier.1000000": "density",
    "scatter.tier.10000000": "density",
    "scatter.wire_bytes.100000": 800983,
    "scatter.wire_bytes.1000000": 265982,
    "scatter.wire_bytes.10000000": 264054,
    "scatter.wire_bytes_per_point.100000": 8.0098,
    "scatter.wire_bytes_per_point.1000000": 0.266,
    "scatter.wire_bytes_per_point.10000000": 0.0264,
    "transport.binary-frame-v1.gzip_bytes": 96271,
    "transport.binary-frame-v1.wire_bytes": 130768,
    "transport.binary-frame-v1.wire_to_payload_ratio": 1.004918234353867,
    "transport.append.extra_unaffected_trace_wire_bytes": 80430,
    "transport.append.single_trace_append_wire_bytes": 80962,
    "transport.append.two_trace_append_wire_bytes": 161392,
    "transport.append.widget_binary_bytes": 160016,
    "transport.append.widget_binary_transmissions": 2,
    "transport.base64-json-prototype.gzip_bytes": 107055,
    "transport.base64-json-prototype.wire_bytes": 174121,
    "transport.base64-json-prototype.wire_to_payload_ratio": 1.3380748186401081
  }
}
